{"cameraMode":{"drawMode":0,"name":"Shaded","section":"Shading Mode"},"sceneLighting":false,"audioPlay":false,"sceneViewState":{"showFog":true,"showMaterialUpdate":false,"showSkybox":false,"showFlares":true,"showImageEffects":true,"showParticleSystems":true},"in2DMode":false,"pivot":{"x":2.4357547760009767,"y":5.293914794921875,"z":-24.103940963745118},"rotation":{"x":-0.006234672851860523,"y":0.7211481332778931,"z":0.0064904880709946159,"w":0.6927229762077332},"size":11.586349487304688,"orthographic":false}