{"cameraMode":{"drawMode":0,"name":"Shaded","section":"Shading Mode"},"sceneLighting":false,"audioPlay":false,"sceneViewState":{"showFog":true,"showMaterialUpdate":false,"showSkybox":false,"showFlares":true,"showImageEffects":true,"showParticleSystems":true},"in2DMode":false,"pivot":{"x":1.1239993572235108,"y":0.4850500226020813,"z":0.46629559993743899},"rotation":{"x":0.011091986671090126,"y":-0.9390512704849243,"z":0.3422490060329437,"w":0.030433889478445054},"size":1.39346182346344,"orthographic":false}