{"cameraMode":{"drawMode":0,"name":"Shaded","section":"Shading Mode"},"sceneLighting":false,"audioPlay":false,"sceneViewState":{"showFog":true,"showMaterialUpdate":false,"showSkybox":false,"showFlares":true,"showImageEffects":true,"showParticleSystems":true},"in2DMode":false,"pivot":{"x":-8.601078033447266,"y":0.43179985880851748,"z":4.635498523712158},"rotation":{"x":0.011091986671090126,"y":-0.9390512704849243,"z":0.3422490060329437,"w":0.030433889478445054},"size":0.5214060544967651,"orthographic":false}