{"cameraMode":{"drawMode":0,"name":"Shaded","section":"Shading Mode"},"sceneLighting":true,"audioPlay":false,"sceneViewState":{"showFog":true,"showMaterialUpdate":false,"showSkybox":true,"showFlares":true,"showImageEffects":true,"showParticleSystems":true},"in2DMode":false,"pivot":{"x":461.3692932128906,"y":192.5497589111328,"z":43.242919921875},"rotation":{"x":0.0014992193318903447,"y":0.03209642693400383,"z":-0.000048151858209166676,"w":0.9994834661483765},"size":296.451904296875,"orthographic":false}